{"voigt1_1": [[32.881207, -117.229525], [32.883432, -117.238495], "7"],
"voigt2_1": [[32.878602, -117.21879], [32.882075, -117.227492], "9"],
"gilman1_1": [[32.876222, -117.23014], [32.872524, -117.237882], "1"],
"scholars1_1": [[32.881387, -117.242432], [32.888676, -117.241928], "5"], 
"voigt1_2": [[32.883432, -117.238495], [32.881207, -117.229525], "8"], 
"hopkins1_1": [[32.883612, -117.238656], [32.88882, -117.240318], "3"], 
"hopkins1_2": [[32.88882, -117.240318], [32.883612, -117.238656], "4"], 
"scholars1_2": [[32.888676, -117.241928], [32.881387, -117.242432], "6"], 
"voigt2_2": [[32.882075, -117.227492], [32.878602, -117.21879], "10"], 
"gilman1_2": [[32.872524, -117.237882], [32.876222, -117.23014], "2"]
}
